{
  "version": 1,
  "author": "Saddam Fikla Ghazali",
  "editor": "wokwi",
  "parts": [
    { "type": "wokwi-arduino-uno", "id": "uno", "top": -85.8, "left": -192.6, "attrs": {} },
    {
      "type": "wokwi-hc-sr04",
      "id": "ultrasonic1",
      "top": -219.3,
      "left": -90.5,
      "attrs": { "distance": "15" }
    },
    {
      "type": "wokwi-led",
      "id": "led1",
      "top": -214.8,
      "left": -197.8,
      "attrs": { "color": "red" }
    },
    {
      "type": "wokwi-resistor",
      "id": "r1",
      "top": -159.25,
      "left": -172.8,
      "attrs": { "value": "1000" }
    },
    {
      "type": "wokwi-buzzer",
      "id": "bz1",
      "top": -285.6,
      "left": 136.2,
      "attrs": { "volume": "0.1" }
    },
    {
      "type": "wokwi-resistor",
      "id": "r2",
      "top": -168.85,
      "left": 153.6,
      "rotate": 90,
      "attrs": { "value": "1000" }
    }
  ],
  "connections": [
    [ "ultrasonic1:TRIG", "uno:7", "green", [ "v0" ] ],
    [ "ultrasonic1:ECHO", "uno:6", "green", [ "v0" ] ],
    [ "ultrasonic1:GND", "uno:GND.2", "black", [ "v9.6", "h-212.4", "v240", "h178.5" ] ],
    [ "ultrasonic1:VCC", "uno:5V", "red", [ "h-211.2", "v288", "h197.8" ] ],
    [ "r1:1", "led1:A", "green", [ "v0" ] ],
    [ "r1:2", "uno:13", "green", [ "h18", "v57.6", "h28.4" ] ],
    [ "r2:1", "bz1:2", "green", [ "v0" ] ],
    [ "r2:2", "uno:10", "green", [ "v38.05", "h-222.05" ] ],
    [ "bz1:1", "uno:GND.2", "green", [ "v0" ] ],
    [ "led1:C", "uno:GND.2", "green", [ "v0" ] ]
  ],
  "dependencies": {}
}